Date,O,H,L,C,V
20070103,40.18999863,40.22999954,38.11000061,38.43000031,950300
20070104,38.09999847,38.24000168,37.52999878,37.72000122,680300
20070105,36.88999939,37.34000015,36.65000153,37.20999908,1869400
20070108,37.29999924,37.43999863,36.77000046,37.29999924,946000
20070109,36.75,37.20000076,36.25,37.04999924,742800
20070110,36.27000046,36.79999924,36.18999863,36.61000061,622700
20070111,36.77000046,37.45999908,36.68999863,36.93000031,1044200
20070112,37.04999924,37.95999908,36.95000076,37.90000153,695700
20070116,37.97000122,38,37.25,37.52000046,472200
20070117,37.52000046,38.02000046,37.36000061,37.70000076,703000
20070118,37.95999908,38.24000168,36.84999847,36.97000122,729900
20070119,37.20000076,37.70000076,36.99000168,37.52999878,484200
20070122,37.58000183,37.88999939,37.00999832,37.27000046,534600
20070123,38.20000076,39.09999847,38.06000137,39.09999847,1457200
20070124,38.81999969,39.56000137,38.34000015,39.56000137,704800
20070125,39.81000137,40.09999847,38.86999893,39.11000061,1179800
20070126,39.09999847,39.24000168,38.5,39.20000076,445200
20070129,38.81999969,39.29000092,38.36999893,38.54999924,1024700
20070130,38.79999924,39.06999969,38.54999924,38.97000122,530200
20070131,38.97000122,39.77999878,38.95999908,39.59999847,643000
20070201,40.13999939,40.41999817,39.83000183,39.84999847,700600
20070202,39.33000183,39.5,38.95000076,39.31999969,640800
20070205,39.59999847,39.63000107,39.25,39.47999954,206400
20070206,39.90999985,40.02000046,39.41999817,39.72999954,260900
20070207,39.54999924,39.90000153,39.13000107,39.31000137,391800
20070208,39.29999924,40.25999832,39.06999969,40.25999832,920300
20070209,40.41999817,40.81000137,39.91999817,40.11000061,917900
20070212,39.93999863,40.31999969,39.40999985,39.61000061,434100
20070213,40.22999954,40.36999893,40.02000046,40.22999954,363300
20070214,40.59999847,40.95999908,40.34000015,40.88999939,473100
20070215,40.90000153,41.20000076,40.65999985,41.20000076,446300
20070216,40.79999924,41.02999878,40.70999908,40.93999863,368100
20070220,40.31999969,40.38000107,39.84999847,40.08000183,853400
20070221,40.31999969,41.81000137,40.15000153,41.56999969,1071000
20070222,42,42.22999954,41.56000137,41.79999924,660800
20070223,42.40000153,43.31999969,41.75999832,41.83000183,1077200
20070226,42.31999969,42.49000168,41.90000153,42.34999847,589100
20070227,41.25,41.45999908,38.72999954,39.34999847,1639400
20070228,39.40000153,40.11999893,38.83000183,39.90000153,1259900
20070301,38.77999878,39.79999924,38.65999985,39.15000153,614300
20070302,38.5,39.02999878,37.65999985,37.68000031,1297100
20070305,37,37.84000015,36.25,36.91999817,877900
20070306,37.59000015,38.22000122,37.59000015,38.08000183,965900
20070307,38.09999847,38.72000122,37.99000168,38.09000015,1060000
20070308,38.65000153,38.79000092,38.08000183,38.34999847,630400
20070309,38.70000076,38.70000076,37.97000122,38.02999878,576800
20070312,38.02000046,38.72999954,37.93000031,38.65000153,780000
20070313,38.43999863,38.75,37.06000137,37.15000153,1068600
20070314,37.00999832,37.47999954,36.45999908,37.36000061,1172600
20070315,37.68000031,38.43999863,37.68000031,38.24000168,1055100
20070316,38.65000153,39.02999878,38.15000153,38.36000061,1329200
20070319,38.66999817,39.02999878,38.59999847,38.84999847,651500
20070320,39.45000076,39.47000122,39.04999924,39.22000122,671400
20070321,39.47999954,40.11000061,39.06000137,40.11000061,399500
20070322,40.33000183,40.38000107,39.84000015,39.97000122,584500
20070323,39.90999985,40,39.47999954,39.83000183,430800
20070326,40.27999878,40.27999878,39.61999893,40.13999939,514400
20070327,39.88000107,39.93999863,39.40000153,39.45000076,503200
20070328,39.72000122,39.95000076,39.45999908,39.63999939,554000
20070329,39.59999847,39.83000183,39.20000076,39.45000076,689100
20070330,39.70000076,39.79999924,39.36000061,39.56999969,399500
20070402,39.38000107,40.15000153,39.18999863,40.15000153,410200
20070403,40.08000183,40.74000168,40,40.47999954,921600
20070404,40.74000168,41.29000092,40.74000168,41.18999863,434100
20070405,41.25,41.5,41.08000183,41.16999817,457700
20070409,41.25,41.63000107,40.93000031,41.04999924,341800
20070410,41.59999847,41.72999954,41.29000092,41.38000107,294100
20070411,41.79999924,41.99000168,40.84000015,41.09999847,1485900
20070412,41.15999985,41.27999878,40.81000137,41.27999878,446700
20070413,41.54999924,42.59999847,41.50999832,42.34999847,854800
20070416,42.52000046,42.88000107,42.43999863,42.88000107,694900
20070417,42.59999847,42.77000046,42.25999832,42.29000092,539000
20070418,42.40999985,42.49000168,42,42.09000015,472900
20070419,41.41999817,41.41999817,40.25,41.06999969,1269600
20070420,41.65000153,41.86000061,41.33000183,41.47000122,357900
20070423,41.47000122,41.54000092,40.97999954,41.09000015,440600
20070424,41.04000092,41.09000015,40.34999847,40.54999924,1293900
20070425,40.97999954,41.13999939,40.58000183,41.00999832,813700
20070426,40.59999847,40.59999847,39.91999817,40.06000137,1033500
20070427,40.15999985,40.43000031,40.04000092,40.34000015,408800
20070430,40.38999939,40.38999939,39.5,39.56000137,387800
20070501,39.45000076,39.58000183,38.95000076,39.29999924,689800
20070502,39.15999985,40.40000153,39.11000061,40.36000061,829700
20070503,40.40000153,40.88999939,40.06999969,40.70999908,580700
20070504,41.11999893,41.40000153,40.63000107,40.70999908,394000
20070507,41.27999878,41.36999893,40.97999954,40.97999954,387200
20070508,40.75999832,40.77999878,40.27000046,40.75,724100
20070509,40.50999832,40.99000168,40.36999893,40.59999847,365600
20070510,40.31000137,40.31000137,39.34999847,39.47999954,901400
20070511,39.66999817,40.04000092,39.66999817,39.75,430800
20070514,40.11000061,40.11999893,38.95999908,39.15999985,1028700
20070515,39.20000076,39.65999985,38.97999954,39.06999969,422000
20070516,38.95999908,39.04999924,38.13999939,38.43999863,1004200
20070517,38.36000061,38.54000092,38.04999924,38.25999832,1301800
20070518,38.65999985,39.20999908,38.52999878,39.00999832,752700
20070521,38.84999847,39.75,38.84999847,39.47000122,1060800
20070522,39.5,39.5,38.75,38.86000061,388900
20070523,39.24000168,39.65000153,39.11000061,39.31999969,706000
20070524,39.22999954,39.29000092,37.97999954,38.09000015,1005200
20070525,38.22000122,38.47000122,37.90999985,38.25999832,476400
20070529,38.5,38.63000107,37.90999985,37.95000076,667800
20070530,37.86000061,38.02999878,37.5,37.99000168,641000
20070531,38.25,39.20000076,38.18000031,39.15999985,782700
20070601,40.09000015,40.13999939,39.70999908,40.06000137,1548000
20070604,40,40.13999939,39.70999908,40.04999924,656800
20070605,39.77000046,40.02999878,39.47000122,39.72999954,724000
20070606,39.5,39.65999985,39,39.33000183,1056900
20070607,39.20000076,39.33000183,37.97000122,38.00999832,1552700
20070608,37.90999985,38.50999832,37.40000153,38.29000092,1027600
20070611,38.33000183,38.52999878,37.90000153,38.22999954,709000
20070612,37.77000046,38.02999878,37.29999924,37.43000031,971200
20070613,37.56000137,37.99000168,37.40999985,37.99000168,1161400
20070614,38.15000153,38.50999832,38.04000092,38.38000107,468900
20070615,38.77999878,39.13999939,38.54000092,39.09000015,620100
20070618,39.20000076,39.27999878,38.90000153,38.97999954,747400
20070619,38.81000137,39.47000122,38.74000168,39.47000122,757200
20070620,39.40000153,39.40000153,38.61999893,38.68999863,600700
20070621,38.79999924,39.15000153,38.13999939,39.15000153,827400
20070622,38.86000061,39.09000015,38.38999939,38.79000092,848800
20070625,38.54999924,39.22999954,37.83000183,37.84999847,867100
20070626,37.86000061,37.86000061,36.72000122,37.09999847,1323300
20070627,37.06000137,37.40000153,36.63000107,37.40000153,1252700
20070628,37.40000153,38.09000015,37.40000153,37.63000107,495100
20070629,37.75999832,38.02000046,37.61999893,37.88999939,508500
20070702,38.33000183,38.84000015,38.25999832,38.84000015,727300
20070703,38.79000092,38.88000107,38.56000137,38.72999954,299600
20070705,38.90999985,39.25,38.59999847,39.25,816200
20070706,39.29999924,40.56000137,39.25,40.52999878,1608300
20070709,40.91999817,41.24000168,40.72000122,40.88000107,1353900
20070710,40.81999969,41.09000015,40.5,40.65999985,914100
20070711,40.41999817,40.65999985,40.15999985,40.65999985,720400
20070712,40.88999939,41.36999893,40.58000183,41.27999878,1065100
20070713,41.34000015,41.61999893,41.20999908,41.31000137,583700
20070716,41.38999939,41.38999939,40.59000015,41.06000137,700900
20070717,41.02999878,41.18999863,40.66999817,40.81999969,1077400
20070718,41,42.47999954,40.88999939,42.47999954,1382400
20070719,42.58000183,43.18999863,42.58000183,43.09000015,1538800
20070720,43.11000061,43.25,42.65999985,43.04000092,1191800
20070723,43.11000061,43.13999939,42.74000168,42.99000168,629800
20070724,43.20000076,43.29999924,42.15000153,42.40000153,1210000
20070725,41.88999939,41.99000168,40.75999832,41.72000122,2414800
20070726,40.79999924,41,39.36999893,40.29999924,3045400
20070727,40.02999878,40.22999954,39.02000046,39.02000046,1932200
20070730,39.29999924,40.36000061,39.11000061,40.09999847,1202600
20070731,40.50999832,40.93000031,39.93000031,39.93999863,1234100
20070801,39.93999863,40.04000092,38.81999969,39.47999954,1479000
20070802,39.66999817,39.95000076,39.36000061,39.81000137,1112000
20070803,39.79000092,40.11999893,39.33000183,39.47999954,1742000
20070806,39.45999908,40.13999939,38.06999969,38.74000168,2178100
20070807,38.09999847,38.99000168,37.88000107,38.58000183,1235000
20070808,39.36999893,40.34000015,39.36000061,40.13000107,1908900
20070809,39.15000153,39.5,38.5,39.45000076,2183000
20070810,39,40.09999847,38.79999924,39.84999847,1976300
20070813,39.84999847,39.90000153,38.97999954,39.13000107,1228800
20070814,38.95000076,39.11000061,37.84000015,38.04999924,1714800
20070815,37.33000183,37.61999893,36.00999832,36.45000076,2675700
20070816,35.56000137,35.63999939,32.75999832,34.49000168,5587700
20070817,35.50999832,36.45000076,34.81000137,35.22000122,2975500
20070820,35.43999863,36.09999847,35.09999847,35.79999924,1783900
20070821,35.54999924,36,35.47999954,35.75,1199200
20070822,36.36000061,37.04000092,36.34999847,36.88000107,1651000
20070823,37.34000015,37.41999817,36.25,36.34999847,1297200
20070824,36.72000122,37.38000107,36.41999817,37.13000107,1093300
20070827,37.06999969,37.06999969,36.50999832,36.63000107,1452400
20070828,36.15999985,36.65000153,35.59999847,35.70999908,962600
20070829,36.09999847,36.95999908,36.04999924,36.95999908,1215800
20070830,36.34999847,37.18999863,36.34999847,36.50999832,1032700
20070831,37.59000015,37.75,37.09999847,37.65000153,1660500
20070904,37.74000168,38.93999863,37.72999954,38.65999985,1883700
20070905,38.25999832,38.56999969,37.97000122,38.47999954,1225800
20070906,38.97000122,40.97999954,38.97000122,40.95000076,2737600
20070907,41.59000015,41.75,40.68000031,41.16999817,2828300
20070910,41.59999847,41.65000153,40.52000046,40.93999863,1594300
20070911,41.09000015,42.13999939,40.84999847,42.04999924,1722400
20070912,41.84999847,42.20999908,41.59999847,42.18999863,1177000
20070913,41.72999954,42.27999878,41.5,42.20999908,1566600
20070914,42.02000046,42.72000122,41.61000061,42.16999817,2389200
20070917,42.31999969,42.70000076,41.84000015,42.15000153,2258300
20070918,42,43.63000107,41.40000153,43.59999847,2453000
20070919,43.93999863,44.59000015,43.59000015,44.02999878,2778700
20070920,45.04999924,45.86000061,44.91999817,45.81999969,3632900
20070921,45.95000076,45.95999908,45,45.47999954,2422700
20070924,45.20999908,45.72999954,45.02000046,45.09999847,2098600
20070925,44.58000183,44.68000031,44.15000153,44.59000015,2173200
20070926,44.74000168,45.02000046,43.40000153,43.84999847,3632800
20070927,44.38000107,44.63000107,43.84000015,44.33000183,1997500
20070928,45.25,45.81000137,44.97999954,45.34999847,1852900
20071001,44.86999893,45.84000015,44.81999969,45.81999969,1500400
20071002,44.54000092,45.40000153,43.31000137,43.79999924,2636300
20071003,44.33000183,44.41999817,43.43000031,43.58000183,1441900
20071004,43.43000031,44.36999893,42.86999893,44.36999893,1849200
20071005,44.22999954,45.59000015,44.18999863,45.59000015,2217500
20071008,45,45.20999908,44.22000122,44.61999893,606000
20071009,44.38999939,45.79000092,44.34999847,45.79000092,1120500
20071010,46.41999817,46.77999878,45.79999924,46.68000031,1495000
20071011,47.18000031,48.50999832,46.13000107,46.79999924,5105300
20071012,47.29000092,47.79999924,46.95999908,47.79000092,1458100
20071015,48.65000153,49.74000168,47.45999908,48.02000046,2146800
20071016,48.00999832,48.09999847,47.02000046,47.29000092,1541600
20071017,47.91999817,48.09000015,45.97999954,46.45999908,1721500
20071018,46.63999939,47.49000168,46.59000015,47.40000153,1432900
20071019,47.65000153,47.65000153,46.29999924,46.79999924,2277600
20071022,45.50999832,45.61000061,44.61999893,45.52999878,2270700
20071023,46.24000168,46.72999954,45.70999908,46.61999893,1470200
20071024,46.5,47,45.65999985,47,1642500
20071025,47.54000092,47.54000092,46.84000015,47.45000076,1494200
20071026,48.22999954,48.65999985,47.90000153,48.40000153,1930300
20071029,49.18999863,49.84000015,49.00999832,49.84000015,1588500
20071030,48.84000015,48.93000031,48.47999954,48.81999969,1304800
20071031,49.20000076,50.81000137,48.86000061,50.59999847,4774900
20071101,50.15999985,50.15999985,48.59000015,48.81999969,2165200
20071102,49.68999863,50.74000168,48.90000153,50.70999908,3212100
20071105,51.22999954,51.22999954,49.77999878,50.43999863,2133000
20071106,51.81000137,52.5,51.66999817,52.25,2181600
20071107,53.84000015,53.84000015,51.5,51.52999878,3870400
20071108,51.5,52.65000153,49.93000031,51.40000153,3504000
20071109,50.75999832,51.25999832,50.00999832,50.31000137,1813000
20071112,48.95999908,48.95999908,46.47000122,46.68999863,3909000
20071113,46.93999863,48.02000046,46.93999863,47.58000183,1919200
20071114,49.49000168,49.5,48.34999847,48.70000076,1824200
20071115,47.99000168,47.99000168,45.97000122,46.43999863,2910000
20071116,46.88000107,47.18999863,46.15000153,46.95000076,2132600
20071119,46.65000153,46.70000076,45.04000092,45.45000076,2779500
20071120,46.45000076,47.93000031,45.79000092,47.93000031,2560000
20071121,47.11999893,47.90000153,45.95000076,46.81999969,2226100
20071123,48,48.84999847,47.34999847,48.84999847,1155900
20071126,49.43000031,49.43000031,46.84999847,47.06000137,1966400
20071127,46.84000015,46.84000015,45.74000168,46.61000061,2329600
20071128,46.11000061,48,46.06000137,47.86000061,3893100
20071129,47.09999847,48,46.75999832,47.02000046,1668400
20071130,47.09000015,47.5,45.70000076,46.36000061,2006000
20071203,45.75999832,47.11000061,45.75,46.81999969,776000
20071204,47.20000076,47.20000076,45.97000122,46.20000076,2908200
20071205,46.47000122,46.47000122,45.52999878,45.91999817,1866000
20071206,45.63000107,46.93999863,45.38000107,46.77999878,2123100
20071207,47,47,45.93000031,46.40000153,1412200
20071210,46.90999985,47.77000046,46.88000107,47.34000015,2009000
20071211,47.45000076,48.13999939,45.66999817,45.93000031,2206200
20071212,46.75,47.15000153,46.06999969,46.70000076,2370400
20071213,46.20000076,46.25,44.61999893,45.04999924,2328900
20071214,44.56000137,45.04000092,44.15000153,44.31000137,2332800
20071217,43.90000153,44.31000137,42.5,42.54999924,1613300
20071218,43.36000061,43.75999832,42.31000137,43.41999817,2247800
20071219,43.36999893,43.63999939,42.88999939,43.04999924,1084600
20071220,43.09999847,43.22999954,42.40000153,42.86999893,1279600
20071221,43.99000168,45.40999985,43.63999939,45,3649000
20071224,45.00999832,45.00999832,44.27999878,44.33000183,990500
20071226,44.75,45.81000137,44.72999954,45.68000031,1680300
20071227,45.97000122,45.97999954,45.15000153,45.38000107,1958800
20071228,45.77000046,46.74000168,45.77000046,46.63000107,1444800
20071231,46.61999893,46.74000168,45.63000107,45.83000183,980600
20080102,46.68999863,49.27000046,46.68999863,49.24000168,3386000
20080103,49.34999847,51.18000031,49.09999847,50.74000168,3871500
20080104,50.27999878,50.34999847,49.27999878,49.90000153,2678400
20080107,49.81000137,50.27999878,48.52000046,49.06000137,2859300
20080108,50.74000168,51.97999954,50.59999847,50.79999924,4603900
20080109,50.81000137,51.18999863,50.15999985,51.13000107,4724000
20080110,50.86000061,52.45999908,50.34999847,52.02000046,3529100
20080111,52,53.20000076,51.79999924,52.41999817,3736400
20080114,54.02999878,54.22999954,53.09000015,53.31999969,6213900
20080115,53.06999969,53.59000015,51,51.20999908,4602200
20080116,50.29000092,50.86999893,48.25,48.83000183,5081700
20080117,49.77000046,50.40000153,47.77000046,47.90999985,4064600
20080118,48.47000122,48.95000076,46.47000122,48.34000015,3697700
20080122,45.47000122,49.5,44.84999847,49.5,6124000
20080123,48.56000137,49.47000122,46.27000046,48.18999863,3998000
20080124,49.93000031,50.88999939,49.84999847,50.34999847,3635900
20080125,50.93000031,51.95999908,50.25,50.41999817,4283400
20080128,50.83000183,51.38000107,49.93000031,51.20999908,4158500
20080129,51.59000015,51.59000015,50.56999969,50.70000076,3199700
20080130,50.63999939,52.16999817,50.22000122,51.04999924,4030000
20080131,50.52000046,50.86999893,49.81999969,50.34999847,2790700
20080201,50.54000092,50.93000031,48.88999939,49.15000153,3315800
20080204,49,49,47.81000137,48.15000153,4153600
20080205,47.08000183,47.31000137,46.40000153,46.75,5775400
20080206,47.31999969,48.04999924,46.84000015,46.90000153,4549300
20080207,46.84999847,47.38999939,46.34999847,46.86000061,4785300
20080208,47.06000137,48.68000031,47,48.54000092,4605900
20080211,48.61999893,48.91999817,47.47999954,48.65000153,4430700
20080212,48.59999847,48.95000076,46.79999924,46.88999939,4651700
20080213,47,47.81000137,46.56000137,47.75999832,4448900
20080214,47.72999954,48.09000015,47.22999954,47.49000168,4326800
20080215,47.47999954,48.08000183,46.75999832,47.75,4141900
20080219,48.86999893,49.77999878,48.68000031,49.59999847,5005100
20080220,49.13000107,50.95000076,49,50.95000076,6070700
20080221,51.41999817,52.20000076,50.63999939,50.79000092,8029000
20080222,51.18999863,51.18999863,49.49000168,50.88000107,5110000
20080225,50.81999969,51.18999863,49.75999832,50.93999863,5111700
20080226,50.70999908,52.22000122,50.58000183,52.02999878,6042100
20080227,52.74000168,53.77000046,52.59999847,53.15999985,5624900
20080228,53.16999817,54.40000153,53.16999817,54.38000107,5439500
20080229,54,54.11999893,52.63999939,53.11999893,5460900
20080303,54.00999832,54.91999817,53.79000092,54.61999893,6082600
20080304,55.15000153,55.20000076,51.95999908,52.75,7694400
20080305,53.45000076,54.95000076,53.31000137,54.68999863,4221800
20080306,54.70000076,55.06000137,53.81999969,54.77999878,3740500
20080307,54.91999817,54.91999817,52.81999969,53.45000076,4223800
20080310,52.33000183,52.72000122,51.20999908,51.41999817,5252200
20080311,52.43999863,53.56000137,51.68000031,53.56000137,3227300
20080312,53.70000076,54.00999832,53.08000183,53.65000153,2444500
20080313,54.29000092,56.04999924,54.27000046,56.04999924,3686300
20080314,55.88999939,56.86999893,55.18999863,56.41999817,4181300
20080317,55.49000168,56.74000168,54.04000092,54.97000122,4293900
20080318,55.29999924,55.49000168,52.11999893,52.38999939,4391300
20080319,51.61999893,51.68000031,48.74000168,49.36999893,6715800
20080320,47.54999924,48.09999847,46.06999969,47.77999878,6026200
20080324,47.79999924,48.41999817,46.72999954,46.97000122,4141000
20080325,1000,1000,1000,1000,0
20080326,49.43000031,50.13000107,49.34000015,49.90000153,4326700
20080327,49.95000076,49.95000076,48.86000061,49.36000061,2730300
20080328,48.97000122,49.16999817,48.00999832,49.08000183,1735500
20080331,49.09999847,49.40999985,47.13999939,47.70000076,2756900
20080401,46.65000153,46.65000153,45.52999878,46.38999939,3567000
20080402,46.68999863,48.38999939,46.54999924,48.38000107,2359300
20080403,48.09000015,48.88999939,47.88000107,48.54000092,1702500
20080404,48.5,49.11999893,48.47000122,48.90999985,1878100
20080407,49.27000046,50.25,48.95999908,49.15000153,1756400
20080408,48.40999985,49,48.13999939,48.43000031,1390800
20080409,48.33000183,49.5,48.27000046,49.34999847,2108800
20080410,49.45000076,49.75,48.40000153,49.31000137,1645300
20080411,49.09000015,49.22000122,48.08000183,48.22000122,1558100
20080414,48.13000107,48.74000168,47.93999863,48,1131800
20080415,48.68000031,49.09999847,48.56000137,49.09999847,1178500
20080416,49.91999817,51.45000076,49.91999817,51.43000031,2944500
20080417,51.11999893,51.25999832,50.38999939,50.81000137,1292700
20080418,49.5,49.70000076,48.81999969,49.29999924,2945500
20080421,49.59999847,49.63999939,48.22000122,48.72000122,1842700
20080422,48.36999893,49.22999954,47.97000122,48.13000107,1737200
20080423,47.34999847,47.45000076,46.08000183,46.25,2760700
20080424,45.90000153,45.90000153,44.16999817,44.31000137,4098400
20080425,44.83000183,45.33000183,44.38000107,45.33000183,2262300
20080428,N/A,N/A,N/A,N/A,0
20080429,43.61999893,43.63000107,42.16999817,42.52999878,4684400
20080430,42.79999924,43.77999878,42.43999863,43.59999847,3816200
20080501,42.75,43.04999924,41.61000061,42.65000153,5422000
20080502,42.70999908,43.58000183,42.65999985,43.18000031,1729900
20080505,43.84000015,44.27000046,43.63000107,44.09999847,1812900
20080506,44.27999878,45.31999969,44.27999878,45.18999863,1976300
20080507,44.43999863,44.88999939,44.15999985,44.49000168,1127900
20080508,44.88000107,46.09999847,44.88000107,46.04000092,2832200
20080509,46.43999863,46.59000015,45,45.95999908,2583500
20080512,45.99000168,46.49000168,45.40999985,45.97999954,2279600
20080513,45.31000137,45.75999832,44.66999817,45.34999847,1567700
20080514,45.29999924,45.72999954,44.65000153,44.68000031,1036700
20080515,45.50999832,46.36000061,45.43000031,46.20999908,2346100
20080516,47,47.54000092,46.84999847,47.31999969,3519900
20080519,47.83000183,48.15999985,47.25,47.56000137,2845500
20080520,47.79000092,48.84999847,47.79000092,48.72000122,2474600
20080521,48.84000015,49.81999969,48.58000183,48.70000076,3508200
20080522,48.61000061,49.06999969,47.61999893,48.18000031,2708100
20080523,48.43999863,48.83000183,47.75,47.75,1630600
20080527,46.88000107,47.13999939,46.15000153,46.43999863,1977000
20080528,45.79999924,46.97999954,45.59000015,46.95999908,1478100
20080529,45.84999847,46.11999893,45.13000107,45.25,1856400
20080530,45.59000015,46.13999939,45.54999924,46.02000046,1099900
20080602,46,46.75,45.95000076,46.40999985,940000
20080603,45.68999863,46.61000061,45.40999985,45.45000076,1336700
20080604,45.56000137,45.59000015,44.59999847,44.68000031,1527900
20080605,44.40999985,45.83000183,44.29999924,45.79000092,1560700
20080606,46.18999863,47.25,46.18999863,46.68999863,1915600
20080609,46.63999939,47.13000107,46.27000046,46.65000153,1169300
20080610,45.68999863,45.88000107,44.04000092,44.20999908,3007400
20080611,44.70000076,44.77999878,44.00999832,44.11000061,1350900
20080612,43.41999817,43.45999908,42.70000076,43.18000031,2249100
20080613,42.86000061,43.25999832,42.72000122,43.15000153,1303200
20080616,44.33000183,44.50999832,43.56999969,43.65000153,1048400
20080617,43.75,44.38999939,43.59000015,44.04000092,866600
20080618,44.20000076,44.40999985,43.79999924,44.27999878,1118900
20080619,44.75,45.11000061,43.83000183,44.04999924,1767400
20080620,43.88000107,44.56999969,43.47000122,43.84000015,2477700
20080623,43.08000183,44.27999878,42.86999893,44.27999878,1888900
20080624,44.13000107,44.65000153,43.84999847,44.06000137,1006700
20080625,43.91999817,44.13999939,42.79000092,43.88000107,2043200
20080626,45,46.52000046,45,46.41999817,3895100
20080627,47.08000183,48.70000076,47.04000092,48.29000092,3392400
20080630,48.11000061,49.16999817,47.09000015,48.59000015,2067800
20080701,49.06999969,50.09000015,48.79999924,49.52999878,3006800
20080702,49.5,49.5,47.97999954,48.13999939,1783100
20080703,47.75999832,47.84000015,46.43000031,47.06999969,1658700
20080707,46.08000183,46.59000015,45.68999863,46.25,1763400
20080708,45.88000107,45.88000107,44.79999924,45.54999924,2950100
20080709,45.63000107,47.04999924,45.33000183,45.36000061,1883800
20080710,46.00999832,47.09999847,45.86000061,46.66999817,1885400
20080711,47.95999908,49.09000015,47.95999908,48.70999908,4021100
20080714,49.15000153,50.93999863,48.59999847,50.84000015,2378600
20080715,51.43999863,51.84000015,48.90999985,49.59999847,5033400
20080716,49.59000015,49.91999817,47.86999893,48.56999969,2378900
20080717,48.20999908,49.59999847,47.15000153,47.54999924,2893300
20080718,47.33000183,48.11000061,47.06999969,47.54999924,1331400
20080721,48.16999817,48.68999863,47.25,48.68999863,1699300
20080722,48.88999939,49,46.61999893,47,2508100
20080723,46.54999924,46.75,44.31000137,44.56999969,4433600
20080724,44.65999985,44.91999817,43.31000137,44.00999832,3448200
20080725,44.31999969,44.70999908,43.34000015,44.25999832,2446800
20080728,44.63000107,45.47000122,44,44.61000061,2224200
20080729,44.54999924,44.54999924,43.16999817,43.66999817,3155900
20080730,42.5,43.47000122,41.72000122,43.18999863,5464400
20080731,44.36000061,44.41999817,43.29000092,43.47999954,2290700
20080801,43.20000076,44.06000137,42,42.40000153,3885900
20080804,42.00999832,42.61000061,40.29000092,40.84999847,6436100
20080805,40.20000076,40.25999832,38.43000031,38.59000015,5147700
20080806,38.93999863,39.93000031,38.93999863,39.20999908,3680900
20080807,39.43999863,39.79000092,38.56000137,38.91999817,2572200
20080808,37.99000168,38,36.27999878,36.29999924,5422800
20080811,36.52000046,36.75999832,33.86000061,34.43000031,9890000
20080812,35.02000046,35.75,34.38000107,35.36999893,6253900
20080813,35.84000015,37.65999985,35.79999924,37.54999924,6282200
20080814,37.15999985,37.66999817,35.83000183,35.86999893,3686500
20080815,35,35.22000122,34.25999832,34.45999908,6607600
20080818,35.16999817,35.81000137,35,35.11000061,4619400
20080819,34.88999939,36.50999832,34.70000076,36.13999939,4110300
20080820,36.22000122,36.79000092,35.45999908,36.18000031,3062000
20080821,37.58000183,38.5,37.45000076,38.29999924,5749900
20080822,37.88999939,38.04000092,36.88999939,37.49000168,2740500
20080825,37.31999969,37.93999863,36.79999924,37.04999924,2120600
20080826,36.70000076,37.65999985,36.68000031,37.02000046,2737100
20080827,37.58000183,38.20000076,37.36999893,37.79999924,2170300
20080828,38.74000168,38.88000107,37.34999847,37.91999817,2831300
20080829,38.22000122,38.22000122,37.34999847,37.63999939,1674700
20080902,35.65000153,35.68000031,34.90999985,35.25,3745100
20080903,34.90999985,35.5,33.29000092,33.56999969,4804000
20080904,34.09000015,34.38999939,32.15999985,32.18000031,6152300
20080905,32.97000122,33.29999924,31.64999962,32.65000153,4945100
20080908,33.59999847,33.59999847,30.94000053,30.94000053,5001300
20080909,30.14999962,30.14999962,27.88999939,28.10000038,10857700
20080910,28.57999992,29.10000038,27.43000031,29.07999992,8177700
20080911,28.79999924,29.25,27.35000038,28.20000076,7511100
20080912,29.70000076,31.69000053,29,31.25,10049500
20080915,31.31999969,32,29.73999977,30.32999992,6409400
20080916,28.80999947,30.72999954,28.61000061,30.54999924,6140200
20080917,30.88999939,34.93000031,30.11000061,34.09999847,12870700
20080918,35.52000046,36.13999939,33.25999832,34.20000076,11773300
20080919,33.81000137,35.40999985,32.90000153,35.20000076,6478400
20080922,36.18000031,38.72999954,36.15999985,38.09000015,8146600
20080923,38.18999863,38.24000168,36.45999908,37.18000031,5181400
20080924,37.77999878,38.06999969,36.93999863,37.38999939,3310800
20080925,37.15000153,37.65000153,36.02999878,36.40000153,3711000
20080926,36.91999817,37.81999969,35.24000168,35.83000183,4171000
20080929,35.29000092,36.16999817,33.54000092,34,5821300
20080930,34,34.58000183,33.40000153,33.79000092,3037500
20081001,34.18999863,35.49000168,33.65000153,33.77000046,5120000
20081002,33.06999969,33.06999969,28.46999931,28.95000076,9201200
20081003,28.75,30.94000053,28.54000092,29.04999924,5121200
20081006,30.21999931,30.62999916,25.29999924,27.89999962,9370300
20081007,28.81999969,29.20000076,26.93000031,27.37999916,7163500
20081008,28.68000031,31.64999962,28.22999954,31.26000023,9537800
20081009,31.39999962,31.39999962,29.40999985,30.25,7924600
20081010,30,30.72999954,24.68000031,26.34000015,11151700
20081013,27.48999977,28.46999931,25.02000046,26.79999924,6280500
20081014,27.65999985,28.80999947,26.84000015,27.38999939,6050600
20081015,27.35000038,27.43000031,24.36000061,24.36000061,6690400
20081016,24.98999977,25.07999992,21.54999924,22.20000076,9989100
20081017,21.37000084,24.20999908,20.96999931,21.69000053,6352200
20081020,22.31999969,24.19000053,22.05999947,24.19000053,3923200
20081021,22.45999908,23.20000076,21.76000023,21.88999939,4833300
20081022,20.89999962,21.11000061,18.11000061,18.48999977,7409900
20081023,18.26000023,19.53000069,16.79999924,17.40999985,9350700
20081024,15.84000015,18.69000053,15.82999992,17.79999924,8514100
20081027,18,18.34000015,16.32999992,16.37000084,7307100
20081028,17.15999985,19.30999947,16.42000008,18.69000053,5994500
20081029,19.20000076,21.30999947,18.90999985,20.86000061,8773900
20081030,22,22.45000076,19.95000076,21.70000076,6973900
20081031,21.55999947,21.87999916,20.78000069,20.95000076,4134200
20081103,20.96999931,22.04999924,20.96999931,21.01000023,5729200
20081104,22.36000061,24.42000008,22.21999931,23.89999962,10658600
20081105,23.60000038,24.71999931,22.97999954,23.5,6823300
20081106,23.72999954,24.29000092,21.01000023,21.93000031,9625600
20081107,21.72999954,22.82999992,21.20999908,21.75,6304700
20081110,23.39999962,23.70999908,22.37000084,23.14999962,4107900
20081111,22.40999985,22.40999985,20.96999931,21.63999939,5562700
20081112,21,21.25,19.39999962,19.39999962,6160800
20081113,19.60000038,21.75,17.79000092,21.65999985,9645300
20081114,21.93000031,22.62999916,20.45999908,20.54999924,6590700
20081117,20.12000084,20.93000031,19.37000084,19.65999985,5999100
20081118,19.87999916,20.45000076,19.12999916,19.55999947,6385100
20081119,19.88999939,21.06999969,18.60000038,18.61000061,9968700
20081120,18.61000061,19.45000076,17.59000015,18.20000076,7877800
20081121,20.25,23.13999939,19.67000008,23.03000069,8974600
20081124,24.45000076,25.95000076,24.23999977,24.62999916,11438100
20081125,25.60000038,25.69000053,23.64999962,25.69000053,11003000
20081126,25,26.20999908,24.40999985,26.11000061,9036400
20081128,26.32999992,26.70999908,25.52000046,26.56999969,2685500
20081201,24.67000008,24.95000076,22.5,22.5,8826600
20081202,23.88999939,24.71999931,23.70000076,24.69000053,8227200
20081203,23.64999962,24.81999969,23.39999962,24.05999947,6129100
20081204,23.89999962,24.78000069,22.89999962,23.42000008,8322700
20081205,22.88999939,23.42000008,21.20000076,23.22999954,7253700
20081208,25,25.88999939,24.61000061,25.26000023,7784400
20081209,24.97999954,26.17000008,24.52000046,25.40999985,5868200
20081210,27.09000015,28.45000076,26.97999954,28.12999916,10462200
20081211,28.92000008,29.90999985,27.37000084,28.02000046,11312300
20081212,27.52000046,29.15999985,27.13999939,28.67000008,7272600
20081215,29.64999962,30.85000038,29.27000046,30.34000015,7198700
20081216,30.48999977,32.41999817,29.87000084,32.34000015,11268900
20081217,32.77999878,33.86999893,31.73999977,32.11000061,10582700
20081218,31.81999969,32.04000092,29.06999969,29.84000015,9491800
20081219,29.21999931,30.62000084,28.95999908,30.57999992,9190200
20081222,31.29000092,31.80999947,29.29000092,29.82999992,4575200
20081223,29.92000008,30.96999931,29.57999992,30.73999977,3648300
20081224,30.78000069,31,29.79999924,30.59000015,1289400
20081226,30.95999908,32.52000046,30.18000031,32.25,2962900
20081229,33.16999817,33.50999832,32.45000076,33.02999878,5371500
20081230,33,33.04999924,32.31000137,33,4096000
20081231,32.5,33.91999817,32.20999908,33.88000107,4366100
20090102,33.50999832,34.45000076,33.18000031,33.31999969,4846500
20090105,31.95999908,32.58000183,31.35000038,31.73999977,7600800
20090106,31.82999992,33.25999832,31.42000008,32.61000061,8025000
20090107,32.36000061,32.36000061,29.59000015,30.04999924,6702600
20090108,30.88999939,31.79000092,30.54000092,31.79000092,5023800
20090109,31.59000015,32.11000061,30.45000076,31.30999947,4483700
20090112,30.19000053,30.20000076,28.70000076,28.95000076,5878000
20090113,28.96999931,30,28.62000084,29.52000046,8157600
20090114,29.07999992,29.59000015,27.67000008,28.20000076,5979700
20090115,28.34000015,29.54000092,27.14999962,29.12999916,6393300
20090116,30.62999916,31.01000023,29.44000053,30.93000031,9829300
20090120,31,32.50999832,30.68000031,30.87999916,7953100
20090121,30.89999962,31.76000023,29.94000053,31.64999962,6469300
20090122,31.47999954,32.16999817,31,31.45999908,4949200
20090123,32.27000046,34.66999817,32.22999954,34.13999939,12222300
20090126,35.24000168,36,33.5,33.97000122,11125300
20090127,33.99000168,34.09999847,33.27000046,33.47000122,6617600
20090128,33.25,33.61000061,32.33000183,32.72999954,7384500
20090129,32.31999969,34.5,32,34.40000153,10768400
20090130,35.54000092,35.54999924,33.50999832,34.22999954,11641500
20090202,33.34999847,34.00999832,32.5,32.90000153,10274300
20090203,33.40000153,33.74000168,32.56000137,33.36000061,9820000
20090204,33.70000076,34.31999969,33.43000031,34.06000137,7305800
20090205,34.90000153,34.91999817,34.04000092,34.70000076,11352400
20090206,34.41999817,35.54999924,34.13999939,35.41999817,9257500
20090209,-1000,-1000,-1000,-1000,0
20090210,35.18999863,35.49000168,33.34000015,34,11841600
20090211,34.49000168,36.68999863,34.15999985,36.33000183,17254700
20090212,36.24000168,36.47999954,35.54999924,36.47999954,14511400
20090213,36,36.20000076,35.27999878,35.68000031,6688200
20090217,36.95999908,37.79999924,36.56000137,37,19199400
20090218,37,37.47999954,35.68999863,37.36999893,13202200
20090219,37.08000183,37.29999924,35.41999817,35.63999939,14361600
20090220,36.72999954,37.63999939,36.04999924,37.02999878,19550600
20090223,36.75,37.24000168,35.63999939,36.47000122,23081400
20090224,36.5,36.5,33.25,33.5,18752100
20090225,33.34000015,34.74000168,32.84000015,32.90000153,15974700
20090226,32.63000107,33.72000122,32.18999863,33.5,12760800
20090227,33.91999817,34.22999954,32.52000046,33.36000061,10806400
20090302,33.56000137,33.56000137,30.75,31.09000015,11878000
20090303,31,32.18000031,29.92000008,31.68000031,10156200
20090304,32.24000168,32.45000076,30.87000084,31.39999962,7662000
20090305,31.5,33.06000137,31.42000008,33.02000046,9316900
20090306,33.52999878,34.02999878,32.31999969,32.88000107,10024500
20090309,32.65000153,32.65999985,31.18000031,31.54999924,7638100
20090310,31.37000084,31.38999939,29.25,29.67000008,13630500
20090311,30.07999992,31.61000061,29.87000084,31.34000015,8957100
20090312,31.85000038,32.68000031,31.38999939,32.68000031,8910100
20090313,33.18999863,33.31000137,32.38000107,33.08000183,5889600
20090316,32.65999985,33.09000015,32.33000183,32.56000137,5202300
20090317,32.24000168,32.47000122,31.37000084,31.85000038,5770900
20090318,31.40999985,35.15000153,30.62000084,35.06999969,16927900
20090319,36.29000092,37.59000015,36.29000092,37.45999908,16880100
20090320,36.79999924,37.70999908,36.45000076,37.54999924,12587200
20090323,37.40999985,38.22000122,37.20000076,37.70999908,8233100
20090324,36.54999924,37.65000153,35.84999847,36.86000061,9658500
20090325,36.95000076,38.49000168,36.54999924,38.47000122,8569000
20090326,38.93000031,38.93000031,37.88000107,38.56999969,6279900
20090327,37.50999832,37.59999847,36.59000015,37,4935200
20090330,35.97000122,37.45999908,35.75999832,36.40000153,6869200
20090331,36.81999969,37.43000031,35.97000122,36.88000107,4479400
20090401,37.77000046,38.68000031,37.43999863,38.59999847,5279000
20090402,37.54999924,37.75999832,36.31000137,37.09999847,7861900
20090403,36.79999924,37.04999924,34.25,34.86999893,10506100
20090406,33.40000153,33.58000183,32.61999893,33.20000076,8967000
20090407,33.58000183,34.25999832,33.41999817,33.43000031,5304400
20090408,34.18000031,34.24000168,32.97000122,33.52999878,4743000
20090409,33.45000076,33.77000046,33,33.04000092,4283000
20090413,34.20000076,34.34000015,33.68999863,33.77000046,6771000
20090414,33.95000076,34.15000153,33.38999939,33.68999863,4602800
20090415,33.59000015,34.18999863,33.47999954,33.88999939,4719000
20090416,33.93000031,33.93000031,31.96999931,32.27999878,8860100
20090417,31.95000076,32,30.79999924,30.96999931,9359800
20090420,31.56999969,32.70000076,31.51000023,32.18999863,8511300
20090421,32.90999985,32.93000031,31,31.39999962,7639300
20090422,31.87000084,32.29999924,31.37000084,31.60000038,6708800
20090423,31.98999977,33.49000168,31.59000015,32.74000168,9615300
20090424,33.36000061,34.86000061,33.33000183,34.65000153,8218700
20090427,34.31999969,34.77999878,33.84000015,34.36999893,5868700
20090428,33.33000183,33.74000168,32.88999939,33.11000061,5191800
20090429,33.99000168,34.36999893,33.65000153,33.88999939,5773500
20090430,33.24000168,33.43000031,32.72000122,32.90999985,5921500
20090501,33,33.45999908,32.68000031,33.04000092,2971100
20090504,33.65000153,35.04999924,33.45000076,35.02999878,5966500
20090505,35.74000168,35.84999847,34.63999939,34.77999878,6773900
20090506,35.63999939,36.86000061,35.63999939,36.86000061,7868800
20090507,37.47000122,37.79999924,36.11999893,36.54999924,6784400
20090508,36.56000137,37.84999847,36.45999908,37.45999908,6460400
20090511,37.06999969,37.63999939,36.54999924,37.31000137,4986600
20090512,37.95000076,39.04999924,37.79000092,38.95999908,8299600
20090513,38.59999847,39.54999924,37.61999893,37.93999863,10391000
20090514,37.65999985,38.54000092,36.90000153,38.04999924,5763300
20090515,38.13000107,38.77000046,37.11999893,37.65000153,7673900
20090518,37.61999893,37.84999847,36.54000092,37.49000168,4007900
20090519,37.75,39.36000061,37.47999954,38.43000031,7210000
20090520,39.33000183,41,39.29999924,40.47000122,16043200
20090521,40.5,41.68000031,39.45999908,41.24000168,9633300
20090522,41.91999817,42.72000122,41.75,42.04999924,9204900
20090526,41,42,40.40999985,41.84000015,7286700
20090527,41.90999985,42.43999863,41.08000183,41.22000122,7127500
20090528,41.93999863,43.40999985,41.93999863,43.00999832,8673200
20090529,44.45000076,45,43.70000076,44.15999985,13002700
20090601,44.72999954,45.09999847,43.38999939,43.40999985,10206500
20090602,43.77000046,44.88999939,43.61000061,44.54999924,9135400
20090603,43.74000168,43.83000183,41.29999924,42.15999985,10839800
20090604,42.75,43.61999893,42.34000015,43.50999832,9864900
20090605,42.25,43.25,40.81999969,41.33000183,10247100
20090608,40.5,41.29999924,39.84999847,41.29999924,9576700
20090609,42.08000183,42.09999847,40.90000153,41.09000015,5323800
20090610,41.93999863,42,40.31000137,40.79999924,5776600
20090611,40.50999832,41.70999908,40.09999847,40.91999817,5544900
20090612,39.99000168,40.18000031,39.27999878,39.54000092,8795400
20090615,39.27999878,39.38000107,37.68000031,37.97000122,8500200
20090616,38.84999847,39.24000168,37.86000061,38.36999893,7023600
20090617,38.13000107,38.43000031,37.13000107,38.22999954,8442800
20090618,38.34000015,38.5,37.04999924,37.20000076,7654300
20090619,37.65999985,38.68000031,37.56000137,38.38999939,8648000
20090622,37.40000153,37.40000153,35.65000153,35.74000168,10769500
20090623,36.18000031,37.33000183,35.45999908,37.33000183,8370100
20090624,38.15999985,38.70999908,37.75,38.49000168,7892600
20090625,38.5,40,38.29999924,39.99000168,6126700
20090626,40.25,40.25999832,39.13000107,39.20000076,5542700
20090629,39.5,39.70999908,38.86000061,39.15000153,4046600
20090630,39.15000153,39.34999847,37.63000107,37.81999969,5490400
20090701,38.70000076,39.91999817,38.59999847,39.40999985,5890400
20090702,38.29999924,38.47000122,37.72000122,38.31000137,3869500
20090706,36.95000076,37.20999908,36.18000031,36.93999863,6928900
20090707,36.90999985,37.40000153,36.5,36.50999832,5483000
20090708,36.31999969,36.58000183,34.45000076,35.18999863,11077900
20090709,35.63999939,36.5,35.25999832,35.31000137,4610700
20090710,34.81000137,35.58000183,34.58000183,35.13999939,4228100
20090713,35.00999832,35.93000031,34.04999924,35.93000031,5147400
20090714,36.49000168,36.81000137,36.18999863,36.75999832,5435500
20090715,38.09999847,38.61000061,38.04000092,38.29000092,6693600
20090716,38,38.59999847,37.65999985,38.33000183,3940100
20090717,38.40000153,38.93999863,38.11000061,38.63999939,3814600
20090720,39.95000076,40.29999924,39.50999832,40.22999954,6699800
20090721,40.68999863,40.68999863,38.84999847,39.74000168,6575900
20090722,39.5,40.34999847,39.13000107,39.77000046,5225800
20090723,39.54999924,40.68999863,39.43999863,39.95999908,5419100
20090724,39.81000137,40.43999863,39.74000168,39.90000153,3455800
20090727,40.31000137,40.45999908,39.66999817,39.84999847,3710000
20090728,38.77999878,38.97999954,37.34999847,38.34999847,7435500
20090729,37.74000168,37.86000061,37.02000046,37.18000031,6152800
20090730,38.09000015,38.58000183,37.97000122,38.15999985,5209600
20090731,38.29000092,40.04999924,38.09000015,39.77000046,5306800
20090803,40.72000122,41.25,40.47000122,40.77000046,7058300
20090804,40.70000076,41.86999893,40.34000015,41.08000183,4943000
20090805,41.15000153,41.34000015,40.08000183,40.95000076,4437300
20090806,41.33000183,41.40000153,40.29000092,40.84999847,5331900
20090807,40.72000122,41,39.90000153,39.97999954,4096000
20090810,39.31999969,39.45999908,38.91999817,39.09999847,3380300
20090811,38.95000076,39.04999924,38.36999893,38.43000031,5056800
20090812,38.31999969,39.20999908,38.22000122,38.79000092,3486100
20090813,39.90000153,40.15000153,39.27999878,39.88000107,6099200
20090814,40.15999985,40.20000076,38.79999924,39.20999908,4969800
20090817,37.56000137,37.81000137,36.99000168,37.29999924,7319400
20090818,37.52999878,38.13999939,37.5,37.86999893,4269500
20090819,37.45999908,38.58000183,37.11000061,38.24000168,5893800
20090820,37.99000168,38.86000061,37.93999863,38.61000061,2748200
20090821,39.38000107,39.90999985,39.09999847,39.29999924,5601200
20090824,39.40000153,40,38.79000092,38.88999939,5324500
20090825,39.68999863,39.93999863,39.04000092,39.24000168,4863000
20090826,39.18000031,39.18000031,38.43000031,38.81999969,4201900
20090827,38.86000061,39.74000168,38.06000137,39.56999969,4844000
20090828,40.20999908,40.63000107,39.77000046,40.18000031,5625100
20090831,39.38999939,39.56999969,39.08000183,39.50999832,4246700
20090901,39.09999847,39.77000046,38.34000015,38.79000092,6372800
20090902,39.40000153,42.63999939,39.18000031,42.47999954,17975900
20090903,43.15000153,45.18000031,42.70000076,44.65000153,23527300
20090904,44.41999817,45.38999939,43.90000153,45.02000046,13294600
20090908,46.97999954,47.45000076,45.02999878,45.11000061,21970500
20090909,45.22000122,45.56999969,43.47000122,44.11999893,15789100
20090910,43.79000092,45.79999924,43.59999847,45.54000092,16582200
20090911,46.66999817,47.27999878,45.66999817,46.09000015,16193600
20090914,45.24000168,46,45.04000092,45.38999939,12143500
20090915,45.34000015,47,45.34000015,46.84999847,13140100
20090916,48.04999924,48.36000061,47.63999939,48,16298100
20090917,47.79999924,48.40000153,46.06999969,47.77999878,18540100
20090918,47.25,47.29999924,45.36999893,45.91999817,13009500
20090921,44.5,45.36000061,43.5,45.15000153,16953900
20090922,46.72999954,46.84000015,45.86999893,46.25999832,9363500
20090923,46.11000061,46.36000061,44.72999954,44.84000015,12292600
20090924,45.34000015,45.47000122,43.25,43.74000168,11410900
20090925,43.27000046,43.74000168,42.66999817,43.06999969,10548500
20090928,43.29000092,44.38000107,43,43.04000092,5794300
20090929,43.25,44.74000168,43.09999847,44.45999908,7641200
20090930,45.40000153,45.65999985,43.83000183,45.29000092,10606800
20091001,45.29000092,45.36999893,42.81000137,43.06000137,11248100
20091002,42.63999939,44.22000122,42.27999878,42.75999832,13271700
20091005,43.09999847,44.83000183,43.09999847,44.56000137,7809100
20091006,46.58000183,48.06999969,46.34999847,47.59999847,17735100
20091007,47.65000153,48.06000137,46.84999847,47.90000153,11832000
20091008,48.54000092,49.52000046,47.68999863,48.68999863,17087400
20091009,48.29000092,48.75999832,47.63000107,48.29000092,9856600
20091012,48.93999863,49.40000153,47.88000107,48.27999878,7125500
20091013,48.81000137,49.74000168,48.00999832,49.18999863,11944500
20091014,49.59999847,49.72999954,48.97999954,49.13000107,8698500
20091015,48.15000153,48.86000061,47.97999954,48.15999985,9919000
20091016,47.97999954,48.86000061,47.59999847,48.38000107,12171100
20091019,48.52000046,48.84000015,47.54999924,48.52999878,8294900
20091020,48.72000122,48.72999954,46.81000137,47.5,8938200
20091021,47.02999878,49,47.00999832,47.38999939,12518200
20091022,47.06000137,47.52000046,46.34000015,46.99000168,10834000
20091023,47.81000137,47.91999817,46.36000061,46.68999863,9370000
20091026,46.79000092,47.40000153,44.38000107,44.68999863,14363300
20091027,44.40999985,44.74000168,43.43000031,44.47000122,12610400
20091028,43.90000153,44.40999985,41.61000061,41.86999893,18057400
20091029,42.54999924,44.34999847,42.40000153,43.79999924,13255400
20091030,43.5,43.52999878,40.91999817,42.36999893,17396500
20091102,43.13000107,44.25,41.81000137,42.88000107,16962300
20091103,42.40000153,46.18999863,42.20000076,46.18000031,22134900
20091104,46.63999939,47.33000183,45.72000122,46.52999878,21209900
20091105,46.65000153,47,46.04000092,46.72000122,11448700
20091106,47,48.38999939,46.75999832,47.61999893,14088400
20091109,49.15000153,50.20000076,49.04999924,49.27999878,15188600
20091110,49.06999969,49.90999985,48.40000153,49.65999985,13194100
20091111,50.86999893,50.88999939,49.65000153,49.90000153,12326400
20091112,49.45000076,49.90000153,48.20999908,48.43999863,14505800
20091113,48.43999863,50.02999878,48.31999969,49.77999878,13424400
20091116,50.66999817,51.88999939,50.54999924,51.34000015,15491800
20091117,50.47000122,51.59000015,50.18000031,51.52999878,10596100
20091118,52,52.43000031,50.56000137,50.99000168,11691700
20091119,50.29000092,51.34999847,49.27000046,51.09999847,12795600
20091120,50.27000046,50.90999985,49.79000092,50.81999969,12132100
20091123,52.34000015,53.11000061,51.38999939,51.68000031,13661900
20091124,51.88000107,51.95999908,50.54000092,51.45000076,14644900
20091125,52.16999817,52.95999908,51.84999847,52.83000183,10391100
20091127,50.29000092,51.72999954,49.40999985,50.81999969,10088200
20091130,50.63999939,51.59000015,50.38000107,51.11000061,14054900
20091201,52.59999847,54.22000122,52.5,53.68000031,14086700
20091202,54.47000122,55.40000153,54.20999908,54.77999878,17780000
20091203,54.22000122,54.59999847,53.06999969,53.52999878,15825000
20091204,52.5,52.56999969,49.47999954,50.68999863,31698500
20091207,49.38999939,50.75,48.79999924,49.75999832,21141500
20091208,49.02000046,49.08000183,47.41999817,47.75,21027800
20091209,48.04000092,49.27999878,47.63000107,48.79000092,18644300
20091210,49.25999832,49.41999817,48.27999878,48.74000168,10751500
20091211,48.84000015,49.09000015,47.50999832,47.81999969,12583300
20091214,48.45000076,48.54000092,47.56000137,48.45999908,8237400
20091215,48.22999954,48.63999939,47.33000183,47.47999954,10859700
20091216,48.09999847,48.74000168,47.72000122,48.20999908,12144700
20091217,47.04000092,47.29000092,45.16999817,45.20000076,19784800
20091218,45.54999924,46.29999924,44.97999954,46.29000092,15886900
20091221,46.43999863,46.59999847,44.79999924,45.40999985,12101300
20091222,45.5,45.95999908,44.79999924,45.50999832,13942100
20091223,45.79999924,47.38000107,45.75,46.93000031,12614200
20091224,47.54999924,47.56999969,46.95999908,46.95999908,4523200
20091228,47.40000153,47.59000015,46.49000168,46.86999893,7294700
20091229,46.93000031,47.29000092,46.29999924,46.43000031,7193700
20091230,46.00999832,46.20000076,45.59000015,45.86999893,6924000
20091231,46.45999908,46.70000076,46.04000092,46.20999908,7475200
20100104,47.77999878,48.25,47.56000137,47.70999908,12510500
20100105,47.97000122,48.68000031,47.43999863,48.16999817,13791500
20100106,48.91999817,50.06999969,48.70999908,49.34000015,19328000
20100107,49.34000015,49.36999893,48.54999924,49.09999847,13313500
20100108,49.50999832,49.84000015,48.63000107,49.84000015,10721800
20100111,51,51.15999985,49.90999985,50.16999817,12919600
20100112,49.47999954,49.86999893,47.93999863,48.34999847,14796000
20100113,48.59999847,48.95999908,47.5,48.86000061,9379200
20100114,48.77999878,48.93000031,48.02000046,48.59999847,8446600
20100115,48.02000046,48.08000183,47.04999924,47.41999817,14184100
20100119,47.34000015,47.81000137,47.27999878,47.68999863,8578700
20100120,46.65999985,46.84999847,44.84999847,45.72999954,21227900
20100121,45.31000137,45.65999985,43.72000122,43.75,24762700
20100122,43.29999924,44.77999878,42.95000076,43.79000092,26244900
20100125,44.45000076,44.54000092,43.13000107,43.18999863,17792400
20100126,42.68999863,43.86000061,42.29999924,43.13000107,17136500
20100127,42.93999863,43.24000168,41.81999969,42.77000046,18118400
20100128,43.13000107,43.22999954,41.15999985,42.16999817,28267100
20100129,42,42.5,40.52999878,40.72000122,22950000
20100201,41.25,42.95000076,41.20000076,42.93999863,18754500
20100202,43.52000046,43.70000076,42.68000031,43,19435200
20100203,43.02000046,43.61000061,42.50999832,42.56999969,13519800
20100204,41.65000153,41.75,40.04999924,40.24000168,25285700
20100205,40.18000031,42.40999985,39.47999954,42.40999985,33038600
20100208,42.25999832,42.50999832,40.77000046,40.77999878,18176200
20100209,41.75999832,43.11000061,41.59000015,42.56999969,24229900
20100210,42.58000183,42.77000046,41.40999985,42.34999847,15922900
20100211,42.59000015,44.22999954,42.31999969,43.99000168,18119900
20100212,43.15000153,43.93999863,42.65000153,43.93999863,16589800
20100216,45.16999817,45.22999954,44.56999969,44.90999985,15967100
20100217,44.90000153,45.34000015,44.33000183,44.70999908,14763500
20100218,44.61000061,45.56000137,44.61000061,45.06000137,15194400
20100219,44.43000031,45.75,44.20999908,44.56999969,15116000
20100222,44.97999954,45.00999832,43.88000107,44.09000015,12302200
20100223,43.93000031,44.09999847,42.18999863,42.5,15431900
20100224,42.22999954,43.04999924,42.02999878,42.25,12518000
20100225,41.86000061,43.68999863,41.34999847,43.45000076,21470700
20100226,43.81000137,44.04000092,43.09000015,43.88999939,10707000
20100301,44.20000076,44.77999878,43.49000168,44.63999939,11665700
20100302,45.16999817,46.38999939,44.95999908,45.50999832,21127700
20100303,46.25999832,46.91999817,45.95999908,46.36000061,18237800
20100304,46.15000153,46.47000122,45.24000168,45.58000183,15233800
20100305,45.95000076,46.72999954,45.93999863,46.43000031,13823500
20100308,46.77000046,46.97999954,45.81000137,45.95000076,9921500
20100309,45.34999847,46.09999847,45.25,45.58000183,10596000
20100310,45.79999924,46.13999939,44.59999847,44.95999908,16058700
20100311,44.79000092,45.36999893,44.25,45.31999969,10312700
20100312,45.58000183,45.83000183,44.75,44.99000168,9797400
20100315,45.11999893,45.20000076,44.31999969,44.93999863,8385300
20100316,45.77999878,46.27000046,45.56999969,46.11999893,14905900
20100317,46.20000076,46.77000046,46.13000107,46.27000046,15114600
20100318,46.36999893,46.84000015,45.52000046,45.97000122,12704600
20100319,46.08000183,46.08000183,44.86999893,45.31000137,17280400
20100322,44.65999985,45.29999924,44.20999908,45.13999939,12051800
20100323,45.02000046,45.72999954,44.43999863,45.27999878,11289300
20100324,44.38999939,44.5,43.36999893,43.5,18193000
20100325,43.97999954,44.04999924,42.72000122,42.90999985,14571300
20100326,43.15999985,43.93999863,42.75,43.70999908,12771600
20100329,44.18999863,44.49000168,43.84999847,44.33000183,9462500
20100330,44.43999863,44.52000046,43.59000015,43.86000061,10074100
20100331,44.47999954,44.70000076,44.15999985,44.40999985,8496200
20100401,45.45999908,46.43999863,45.36000061,46.40000153,12674600
20100405,46.86000061,47.20999908,46.40000153,46.90000153,8188800
20100406,46.63999939,47.29000092,46.58000183,46.81000137,9464900
20100407,47.31999969,48.5,47.15000153,48.18000031,14321600
20100408,48,48.36000061,47.61000061,48.18999863,8628900
20100409,48.65999985,49.11000061,48.20999908,48.68000031,9316700
20100412,48.5,49.11000061,48.00999832,48.13999939,8422700
20100413,48.02000046,48.06000137,46.86000061,47.75,10895500
20100414,48.22999954,48.43999863,47.61000061,48.09000015,7796400
20100415,47.95999908,48.29000092,47.54999924,47.56999969,5926200
20100416,47.02000046,47.45000076,45.72999954,46.65000153,20726600
20100419,46.11999893,46.59999847,45.70000076,46.59000015,10562100
20100420,47,47.31000137,46.43999863,46.45999908,6337300
20100421,46.70000076,47.20999908,46.36000061,46.97999954,8104800
20100422,46.41999817,47.36000061,46.04999924,47.36000061,7763000
20100423,47.20999908,48.29999924,46.68000031,48.20999908,9274700
20100426,48.25,48.56000137,47.90999985,48.13000107,5567200
20100427,47.68999863,48.68999863,47.31999969,48.27999878,17823300
20100428,48.47000122,50.33000183,48.34000015,49.70000076,17931000
20100429,49.81999969,50.66999817,49.63999939,50.31000137,9865200
20100430,50.86999893,51.54000092,50.5,50.50999832,12779300
20100503,50.91999817,51.04999924,49.36999893,49.88000107,10052800
20100504,50.22000122,50.31000137,48.45999908,49.65999985,22279100
20100505,48.06000137,49.86999893,47.88999939,49.24000168,17610900
20100506,49.16999817,50.5,48.06999969,49.93999863,23955300
20100507,49.66999817,50.45000076,48.40999985,49.13000107,16601900
20100510,49.50999832,50.34000015,49.02999878,50.13999939,15392600
20100511,51.38999939,54.20000076,51.31999969,53.59999847,21799600
20100512,54.04000092,54.63000107,53.25999832,53.43000031,22286000
20100513,53.47000122,53.86999893,52.43000031,52.65999985,12821100
20100514,53.47999954,53.70999908,51.36999893,53.15000153,17432200
20100517,52.97000122,53.06999969,51.20999908,51.86999893,14205000
20100518,51.27000046,52.25999832,50.95000076,51.49000168,14861100
20100519,50.5,50.70999908,48.09999847,49.45000076,21953500
20100520,48.11000061,48.77999878,46.75999832,47.04999924,25906700
20100521,46.16999817,47.72000122,45.88000107,47.20999908,17751800
20100524,48.06999969,48.54000092,47.50999832,47.63999939,11311400
20100525,47.22000122,49.02999878,46.88999939,48.93999863,16756300
20100526,50.04999924,50.38000107,48.84000015,48.99000168,11067100
20100527,49.41999817,50.40999985,49.31999969,50.18000031,9490500
20100528,49.86000061,50.18999863,49.29999924,49.86000061,7536700
20100601,50.29999924,51.15999985,49.72000122,49.81000137,9029800
20100602,49.81999969,50.70000076,49.50999832,50.66999817,6356600
20100603,50.61000061,51,49.15000153,49.83000183,7318600
20100604,49.13999939,49.90000153,48.63000107,48.81999969,9554700
20100607,48.70000076,50.79999924,48.40000153,50.18999863,10434700
20100608,50.70999908,51.63000107,50.31000137,50.72000122,12295200
20100609,50.5,51.04000092,49.83000183,50.20000076,7967600
20100610,50.11999893,50.90000153,50.00999832,50.65999985,6450300
20100611,50.79000092,50.97000122,50.40999985,50.79000092,4276200
20100614,50.93000031,51.04000092,49.79999924,49.90000153,6662800
20100615,50.16999817,51.18999863,50.15000153,51.16999817,6474000
20100616,50.97999954,51.97999954,50.81000137,51.65999985,7095100
20100617,52.61999893,53.25,52.47999954,52.95999908,9942900
20100618,53.86000061,54.22999954,53.56999969,54.06000137,10202800
20100621,54.27000046,54.40000153,52.15999985,52.52000046,10916300
20100622,52.59000015,53.16999817,52.13000107,52.13999939,6097000
20100623,51.90000153,52.65999985,51.41999817,52.45000076,6464800
20100624,52.13999939,53.06999969,51.93999863,52.18000031,8073100
20100625,53.04000092,54.31000137,52.79999924,53.88000107,8480100
20100628,53.95000076,54.83000183,52.97000122,53.40000153,12315600
20100629,52.59999847,52.86000061,51.65000153,51.97999954,10292400
20100630,51.77000046,52.79999924,51.70999908,51.95999908,6028800
20100701,51.52999878,51.81000137,48.79000092,49.61999893,15000800
20100702,50,50.47999954,49.25999832,49.58000183,7382900
20100706,49.83000183,49.97000122,48.47999954,48.90999985,8131000
20100707,48.90000153,50.11000061,48.5,49.99000168,7721100
20100708,50.22999954,50.40000153,48.61999893,49.38000107,7610700
20100709,49.91999817,51,49.91999817,50.47999954,6955900
20100712,50.38999939,50.95000076,49.83000183,50.15000153,4625400
20100713,51.36999893,51.47999954,50.25,50.38999939,8299600
20100714,50.36999893,51.04000092,49.88000107,50.25999832,7023700
20100715,50.65999985,50.72999954,49.50999832,50.16999817,5826100
20100716,49.25,49.29000092,48.41999817,48.54000092,9591700
20100719,48.11000061,48.20000076,46.99000168,47.52999878,8841900
20100720,47.38000107,48.65999985,47.22999954,48.54999924,6986900
20100721,49.00999832,49.15999985,47.88999939,48.18000031,6899200
20100722,48.56999969,49.59000015,48.52000046,49.15999985,7211600
20100723,49.36000061,49.63999939,48.86999893,49.20999908,8234200
20100726,49.5,49.56000137,48.59999847,48.88999939,7217000
20100727,48.5,48.54000092,46.81999969,47.09000015,17307600
20100728,46.90999985,47.59000015,46.79999924,47.38999939,8291500
20100729,47.74000168,48.02999878,47.11999893,47.68000031,7331700
20100730,47.58000183,48.43000031,47.45000076,48.22000122,9818300
20100802,48.93000031,49.04999924,47.68000031,48.04999924,6518700
20100803,48.27999878,48.79999924,48.13000107,48.31999969,6398800
20100804,49.31999969,49.75999832,49.11000061,49.61999893,11805400
20100805,49.59999847,49.70000076,49.16999817,49.68999863,4171900
20100806,50.11999893,50.70000076,49.95000076,50.16999817,6680600
20100809,50.16999817,50.22000122,49.47999954,50.18999863,5638800
20100810,49.45999908,50.49000168,49.13999939,50.36999893,8312700
20100811,50.15999985,50.33000183,48.99000168,49.08000183,8254600
20100812,49.75999832,50.36000061,49.70000076,50.31000137,7021100
20100813,50.27000046,50.38000107,49.65000153,49.74000168,3979700
20100816,50.36000061,50.79000092,50.16999817,50.70999908,5566700
20100817,50.93999863,51.36999893,50.52999878,51.29000092,5998100
20100818,50.84000015,52.22000122,50.5,52.13000107,8134100
20100819,52.22000122,52.54999924,51.20999908,51.72999954,6209200
20100820,51.18999863,51.45999908,50.50999832,51.27999878,6285900
20100823,51.36999893,51.47999954,50.65999985,50.90000153,4604000
20100824,49.79000092,51.15000153,49.56999969,50.29999924,7948500
20100825,50.75,52,50.40999985,52,9651400
20100826,51.99000168,52.83000183,51.97999954,52.72999954,8292000
20100827,52.81000137,53.45999908,51.97999954,53.34000015,9828000
20100830,53.20000076,53.68999863,52.93999863,53.11999893,5655300
20100831,53.41999817,54.49000168,53.31000137,53.61000061,12208400
20100901,54.15000153,54.33000183,52.75999832,52.84999847,7926400
20100902,53.45999908,53.77999878,52.81000137,53.56999969,6962900
20100903,53.11000061,53.70000076,52.75999832,53.68999863,6072300
20100907,54.25999832,54.52999878,53.91999817,53.95000076,7738500
20100908,54.29000092,54.68999863,53.65999985,53.66999817,6306600
20100909,53.93999863,54,52.5,52.65000153,7009600
20100910,52.47000122,53.47999954,52.43000031,53.04000092,5493200
20100913,53.20000076,53.43999863,52.72000122,53,5218500
20100914,53.97000122,55.59000015,53.91999817,54.88000107,14874400
20100915,54.72999954,55.11999893,54.25999832,54.59999847,8740100
20100916,55.16999817,55.66999817,54.86000061,55.36000061,9449900
20100917,55.72999954,55.77000046,54.68000031,54.77999878,8984500
20100920,55.18000031,55.90000153,54.95999908,55.34000015,9127200
20100921,55.09000015,55.77000046,53.84999847,55.66999817,16434800
20100922,56.29000092,56.66999817,55.81000137,56.36999893,10977100
20100923,56.09000015,56.5,55.47999954,55.75999832,8142600
20100924,56.61999893,56.61999893,55.49000168,55.66999817,9569400
20100927,55.84999847,55.97999954,55.15000153,55.34000015,5841800
20100928,55,56.75,54.27999878,56.65999985,15152700
20100929,56.77999878,56.86000061,56.09999847,56.50999832,10176800
20100930,56.75999832,56.81000137,54.99000168,55.93000031,12779600
20101001,56.45000076,57.25,55.93000031,56.59999847,9595600
20101004,56.36999893,56.36999893,55.20000076,55.54999924,7090000
20101005,56.81000137,57.83000183,56.70999908,57.25999832,12009000
20101006,57.49000168,58.40999985,57.20999908,58.11999893,11076700
20101007,58.58000183,58.58000183,55.97000122,56.58000183,18951400
20101008,56.63999939,57.45999908,56.61000061,57.29999924,8792700
20101011,57.02999878,57.72999954,56.59999847,57.40999985,7206100
20101012,56.95999908,57.27999878,56.11000061,57.16999817,9428500
20101013,57.79999924,58.81999969,57.75,58.59000015,10932400
20101014,58.43000031,58.88000107,57.88999939,58.18999863,8450900
20101015,57.86999893,58.08000183,56.91999817,57.40999985,11031900
20101018,57,57.50999832,56.50999832,57.13999939,7252200
20101019,55.36000061,55.40000153,54.00999832,54.52999878,16652200
20101020,54.63999939,55.90000153,54.61000061,55.45999908,11603600
20101021,55.5,55.90000153,53.77999878,54.27999878,13813900
20101022,54.34999847,54.88999939,53.84000015,54.88999939,7662100
20101025,55.97999954,56.18999863,55.40000153,55.74000168,9001100
20101026,55.00999832,56.06999969,54.88000107,55.79000092,6280400
20101027,55.00999832,55.09000015,53.66999817,54.68000031,8958100
20101028,55.49000168,56.5,55.00999832,56.36000061,8830300
20101029,56.72000122,57.49000168,56.52000046,57.29999924,8513600
20101101,57.58000183,57.86999893,56.72999954,57.22999954,6737900
20101102,57.75999832,57.88999939,57.15000153,57.66999817,7039800
20101103,57.59000015,57.84000015,56.16999817,57.22999954,15070400
20101104,59.34000015,60.02999878,59.08000183,59.99000168,13993100
20101105,59.66999817,60.84999847,59.56000137,60.09000015,10178000
20101108,59.97000122,61.84999847,59.88999939,61.77000046,10847700
20101109,62.83000183,63.75999832,59.18999863,59.66999817,25301700
20101110,60.5,61.41999817,59.29999924,61.33000183,17318500
20101111,61.59000015,61.90999985,60.47999954,61.77999878,10129000
20101112,60.50999832,61.41999817,59.36000061,60.06999969,13212200
20101115,60.22999954,60.38999939,59.20000076,59.47000122,7806900
20101116,58.50999832,58.72999954,57.04999924,57.65999985,16213600
20101117,57.54999924,58.86000061,57.52000046,58.04000092,9264800
20101118,59.27000046,59.59000015,58.81000137,59.02999878,10379900
20101119,58.68000031,59.40999985,58.34999847,59.27999878,7656000
20101122,59.13000107,60.22999954,58.72999954,60.02999878,8650200
20101123,59.90999985,60.18999863,59.18000031,59.61999893,10628400
20101124,59.84000015,60.13999939,59.25999832,59.66999817,4915000
20101126,58.36000061,58.84999847,58.25999832,58.61000061,3884700
20101129,58.41999817,58.95999908,57.61000061,58.86999893,6868100
20101130,58.90000153,60.11999893,58.79000092,59.5,10819700
20101201,60.02000046,60.40000153,59.43000031,60.27999878,8486800
20101202,60.70000076,61.72000122,60.70000076,61.18000031,9973100
20101203,61.79999924,63.13999939,61.74000168,62.70999908,10234700
20101206,63.06999969,63.88000107,62.88999939,63.79999924,8216100
20101207,64.58000183,64.62000275,62.27999878,62.38000107,14763800
20101208,61.84999847,62.29999924,60.77000046,61.20000076,11461500
20101209,61.79999924,61.84999847,61.02999878,61.43000031,9157000
20101210,61.09999847,61.83000183,60.59999847,61.65999985,7446800
20101213,62.58000183,62.99000168,62.02000046,62.22000122,7755300
20101214,62.33000183,62.81999969,61.86999893,62.13000107,6846200
20101215,61.49000168,62.15999985,60.84000015,60.99000168,9767300
20101216,60.84999847,60.86999893,59.5,60.16999817,10749400
20101217,60.31000137,60.45999908,59.40000153,60.43999863,11318400
20101220,60.63000107,60.86999893,59.83000183,60.56999969,5934300
20101221,60.65000153,60.81999969,60.06999969,60.54999924,5675300
20101222,60.54000092,60.59000015,59.81000137,59.84000015,4420000
20101223,59.36999893,60.38999939,59,59.88999939,7247300
20101227,59.93000031,59.93000031,58.93000031,59.54000092,3481400
20101228,60.61999893,61.22999954,60.13000107,61.09000015,5316100
20101229,61.38000107,61.59999847,60.95000076,61.31000137,4003900
20101230,61.27000046,61.56000137,60.61000061,60.88000107,3477800
20101231,61.02000046,61.74000168,60.95999908,61.47000122,4461500
